<?xml version="1.0" encoding="UTF-8"?>
<MISRA-C-Report-Summary>
<File Mode="advisory" Error="0" Warning="14" Total="14">
<Name>
C:\SynergyWorkspace\WorkingProjects\AssistFirewall-gzkys7\AssistFirewall\src\Ap_AssistFirewall.c</Name>
</File>
<File Mode="required" Error="0" Warning="50" Total="50">
<Name>
C:\SynergyWorkspace\WorkingProjects\AssistFirewall-gzkys7\AssistFirewall\src\Ap_AssistFirewall.c</Name>
</File>
<Rule Name="8.7" Count="13" Mode="required" Severity="warning">
<Message>
Objects shall be defined at block scope if they are only accessed from</Message>
</Rule>
<Rule Name="10.1" Count="9" Mode="required" Severity="warning">
<Message>
</Message>
</Rule>
<Rule Name="19.1" Count="9" Mode="advisory" Severity="warning">
<Message>
#include statements in a file shall only be preceded by other preprocessor directives or comments.</Message>
</Rule>
<Rule Name="8.1" Count="8" Mode="required" Severity="warning">
<Message>
</Message>
</Rule>
<Rule Name="10.2" Count="6" Mode="required" Severity="warning">
<Message>
Implicit conversion of complex floating expression from 'float' to 'double'.</Message>
</Rule>
<Rule Name="5.1" Count="6" Mode="required" Severity="warning">
<Message>
</Message>
</Rule>
<Rule Name="8.10" Count="5" Mode="required" Severity="warning">
<Message>
</Message>
</Rule>
<Rule Name="6.3" Count="3" Mode="advisory" Severity="warning">
<Message>
typedefs that indicate size and signedness should be used in place of the basic types.</Message>
</Rule>
<Rule Name="10.4" Count="2" Mode="required" Severity="warning">
<Message>
Complex expression of 'float' type may only be cast to narrower floating type,</Message>
</Rule>
<Rule Name="5.7" Count="2" Mode="advisory" Severity="warning">
<Message>
</Message>
</Rule>
<Rule Name="10.3" Count="1" Mode="required" Severity="warning">
<Message>
Complex expression of underlying type 'signed short' may only be cast to narrower integer</Message>
</Rule>
</MISRA-C-Report-Summary>
